{
    "RMSE": 90.17789763936754,
    "MAE": 50.72480773925781,
    "MAPE": 15.10007262677709,
    "RMSE_baseline": 514.2947689555086,
    "MAE_baseline": 403.78475000000003,
    "MAPE_baseline": 230.54402870607868
}