{
    "RMSE": 32.29468261352464,
    "MAE": 17.745315707013624,
    "MAPE": 244.0142255943095,
    "RMSE_baseline": 38.19496407023103,
    "MAE_baseline": 23.458174456596332,
    "MAPE_baseline": 424.1886052070994
}